timestamp	step	subparts_output_loss
1654421027147	0	0.013616077601909637
1654421190816	1	0.0027320878580212593
1654421324817	2	0.002439219504594803
1654421470428	3	0.002196183428168297
1654421622465	4	0.0020417741034179926
1654421770410	5	0.0018453565426170826
1654421910317	6	0.001702610170468688
1654422056064	7	0.0015572644770145416
1654422192201	8	0.001465358305722475
1654422362466	9	0.001415381906554103
1654422505239	10	0.001268167165108025
1654422660398	11	0.0012601681519299746
1654422815537	12	0.0011969386832788587
1654422937841	13	0.0011341064237058163
1654423088814	14	0.0011157594854012132
1654423235883	15	0.0010684304870665073
1654423361611	16	0.001049158745445311
1654423519359	17	0.0010331317316740751
1654423673694	18	0.001025648438371718
1654423848087	19	0.0009910230292007327
1654423978404	20	0.0009619538905099034
1654424121179	21	0.0009448693017475307
1654424291615	22	0.0009425326716154814
1654424442277	23	0.0009173532016575336
1654424586145	24	0.0009035669500008225
1654424739487	25	0.0008879284141585231
1654424899426	26	0.000911199429538101
1654425049400	27	0.0008914524805732071
1654425182014	28	0.0008951494237408042
1654425341317	29	0.000879288068972528
1654425510519	30	0.0008712956332601607
1654425645922	31	0.0008819073555059731
1654425828178	32	0.0008962514693848789
1654425986591	33	0.0007720053545199335
1654426158975	34	0.0008388115093111992
1654426317343	35	0.0007933253655210137
1654426473459	36	0.0008168633212335408
1654426634211	37	0.0008070595795288682
1654426795651	38	0.0008287776727229357
1654426970939	39	0.0007855996955186129
1654427115769	40	0.0007671089842915535
1654427269796	41	0.000798197346739471
1654427420284	42	0.0007761656306684017
1654427582784	43	0.0008327368996106088
1654427727524	44	0.0007968277204781771
1654427875825	45	0.000776876462623477
1654428010993	46	0.0007730129873380065
1654428149784	47	0.0007807406364008784
1654428288468	48	0.0007761892629787326
1654428456930	49	0.0008119578124023974
1654428630609	50	0.0007469980628229678
1654428789902	51	0.0007683508447371423
1654428949313	52	0.0006986464140936732
1654429114869	53	0.0007397787994705141
1654429248680	54	0.0007298904238268733
1654429394545	55	0.0007370786624960601
1654429560818	56	0.000722187221981585
1654429712039	57	0.000740969437174499
1654429900808	58	0.000716483686119318
1654430056725	59	0.0007394463755190372
1654430212064	60	0.0007139006047509611
1654430367251	61	0.0006890376098453999
1654430536684	62	0.0007001330377534032
1654430677986	63	0.0006848220364190638
1654430823576	64	0.0007447873940691352
1654430994678	65	0.0006852047517895699
1654431142120	66	0.0006533116102218628
1654431313220	67	0.0006790892803110182
1654431474466	68	0.0007404089556075633
1654431618623	69	0.0006599599146284163
1654431775562	70	0.000686675077304244
1654431913179	71	0.0007098973728716373
1654432067013	72	0.0006706022541038692
1654432210260	73	0.000654500734526664
1654432366193	74	0.0006793178035877645
1654432508880	75	0.0006657712510786951
1654432665103	76	0.0006580037297680974
1654432807956	77	0.0006578672910109162
1654432932916	78	0.0007040949421934783
1654433096003	79	0.0006581603083759546
1654433241315	80	0.0006682694656774402
1654433375774	81	0.00066478515509516
1654433524477	82	0.0006675029871985316
1654433657897	83	0.0006424598395824432
1654433808095	84	0.0007016932358965278
1654433963862	85	0.0007042943616397679
1654434110839	86	0.0006509829545393586
1654434264145	87	0.0006542286719195545
1654434440856	88	0.0006629928248003125
1654434620459	89	0.0006383025320246816
1654434762027	90	0.000635652570053935
1654434902642	91	0.0006490882951766253
1654435063040	92	0.0006293571786954999
1654435213404	93	0.0006759911775588989
1654435358705	94	0.000632932351436466
1654435499747	95	0.0006495220004580915
1654435660988	96	0.0006145259249024093
1654435809713	97	0.0006330916658043861
1654435971834	98	0.0006219606730155647
1654436151074	99	0.0006187009275890887
1654436299525	100	0.0006270090816542506
1654436428160	101	0.0006537233712151647
1654436569129	102	0.0006696654600091279
1654436711084	103	0.000601391599047929
1654436840909	104	0.0006010712822899222
1654436973819	105	0.000631488102953881
1654437113277	106	0.0006020872970111668
1654437254240	107	0.0006248524296097457
1654437403218	108	0.0006337692611850798
1654437583698	109	0.0006121658952906728
1654437732342	110	0.0005597710842266679
1654437906726	111	0.0006582491914741695
1654438069553	112	0.000596288067754358
1654438209635	113	0.0006082415347918868
1654438340989	114	0.0005928976461291313
1654438480544	115	0.0005900263204239309
1654438628314	116	0.0006094923592172563
1654438763701	117	0.0006537435692735016
1654438917644	118	0.0006250119768083096
1654439090585	119	0.0006290246965363622
1654439224410	120	0.0005942441057413816
1654439383885	121	0.0006172823486849666
1654439544636	122	0.0005691113183274865
1654439689405	123	0.0005994275561533868
1654439831825	124	0.0006003485177643597
1654439977462	125	0.0006056249258108437
1654440140348	126	0.0006110747344791889
1654440273121	127	0.0005720786284655333
1654440424881	128	0.0005894913338124752
1654440620614	129	0.0005852430476807058
1654440780987	130	0.0005552487564273179
1654440912460	131	0.0005891270702704787
1654441063137	132	0.0006138231256045401
1654441229234	133	0.0005720429471693933
1654441376990	134	0.0005496938247233629
1654441519394	135	0.0005935958470217884
1654441675160	136	0.0005528931505978107
1654441809943	137	0.0005721119232475758
1654441970729	138	0.000536516250576824
1654442111479	139	0.0006188460974954069
1654442262477	140	0.0005985029856674373
1654442416199	141	0.000554347934667021
1654442534583	142	0.0005479563260450959
1654442690679	143	0.0005676732980646193
1654442864723	144	0.0005433183396235108
1654443051772	145	0.0006061465828679502
1654443221213	146	0.0005612992099486291
1654443367148	147	0.0006058745784685016
1654443533983	148	0.0005586280603893101
1654443707004	149	0.0005549093475565314
1654443884611	150	0.000565178575925529
1654444033215	151	0.0005498858517967165
1654444204642	152	0.0006083460175432265
1654444347543	153	0.000622135354205966
1654444476294	154	0.0005398480570875108
1654444622449	155	0.000583602231927216
1654444788893	156	0.0005806608824059367
1654444980487	157	0.0005667592631652951
1654445149747	158	0.0005555662210099399
1654445342570	159	0.0005255443975329399
1654445526498	160	0.0005376025219447911
1654445675777	161	0.000511429097969085
1654445846588	162	0.0005564038292504847
1654446008168	163	0.000526662974152714
1654446180057	164	0.0005730039556510746
1654446353712	165	0.000540676643140614
1654446526727	166	0.0005400332156568766
1654446707210	167	0.0005669377860613167
1654446876584	168	0.0005564403254538774
1654447091293	169	0.0005853489274159074
1654447264249	170	0.0006286033312790096
1654447425536	171	0.0005382104427553713
1654447594127	172	0.0005728812539018691
1654447741115	173	0.0005546504980884492
1654447907641	174	0.0005288711981847882
1654448106452	175	0.0005518418038263917
1654448269011	176	0.0005150295328348875
1654448430437	177	0.0005221674800850451
1654448585152	178	0.0005194400437176228
1654448778182	179	0.0005509654292836785
1654448930639	180	0.0005494801444001496
1654449110476	181	0.0005412964383140206
1654449287810	182	0.0005394709878601134
1654449437647	183	0.0005163574242033064
1654449609054	184	0.0005033560446463525
1654449807280	185	0.0005161911831237376
1654449955890	186	0.0005662594921886921
1654450127439	187	0.0005566762993112206
1654450285144	188	0.0005623363540507853
1654450437651	189	0.0004836878797505051
1654450602208	190	0.000517980835866183
1654450785614	191	0.0005256208823993802
1654450936642	192	0.0005485205911099911
1654451085202	193	0.0005117601249366999
1654451231810	194	0.0005109813064336777
1654451417714	195	0.0005988276097923517
1654451571338	196	0.000523031922057271
1654451741055	197	0.0005518862162716687
1654451931312	198	0.0005755304009653628
1654452100196	199	0.000573096564039588
1654452262440	200	0.0005167140625417233
1654452412381	201	0.0005898602539673448
1654452560084	202	0.0005245647043921053
1654452741891	203	0.0005414313054643571
1654452889017	204	0.0005330336280167103
1654453053700	205	0.0005308286636136472
1654453191630	206	0.0005531957722268999
1654453375873	207	0.0005168789648450911
1654453523095	208	0.0005382201634347439
1654453690432	209	0.0005591001827269793
1654453853989	210	0.0004883366054855287
1654453984917	211	0.0005662153707817197
1654454125703	212	0.0005014322814531624
1654454275778	213	0.0005479062674567103
1654454431840	214	0.0005654413253068924
1654454602143	215	0.0004962293896824121
1654454770640	216	0.0005333227454684675
1654454944470	217	0.000569075345993042
1654455083420	218	0.0005132637452334166
1654455248061	219	0.0005471993354149163
1654455381158	220	0.0004859458131249994
1654455534969	221	0.0005409580771811306
1654455702722	222	0.0004898846964351833
1654455831095	223	0.0005085974698886275
1654455967077	224	0.0004927160334773362
1654456115336	225	0.0005601068842224777
1654456266692	226	0.0005176484119147062
1654456411885	227	0.00055635382886976
1654456569565	228	0.0004952612216584384
1654456720134	229	0.0005046067526564002
1654456883392	230	0.0004983917460776865
1654457033447	231	0.0004977815551683307
1654457174482	232	0.0005218539736233652
1654457314151	233	0.0004791692190337926
1654457453476	234	0.0005186841590330005
1654457581972	235	0.00047454965533688664
1654457748873	236	0.0005537753459066153
1654457885440	237	0.0005328537663444877
1654458018079	238	0.00048006154247559607
1654458192961	239	0.0005409966688603163
1654458345803	240	0.0005009619053453207
1654458503817	241	0.0005348273552954197
1654458639219	242	0.0005101714632473886
1654458787837	243	0.0005363427917473018
1654458926382	244	0.0005175980622880161
1654459070691	245	0.0005063433200120926
1654459200243	246	0.0004661527927964926
1654459337290	247	0.0004906808608211577
1654459492119	248	0.0005367904086597264
1654459642234	249	0.0005057152593508363
1654459793142	250	0.0005243729101493955
1654459925390	251	0.0005006819847039878
1654460052978	252	0.0005622273893095553
1654460210487	253	0.00048238440649583936
1654460337423	254	0.0004963164683431387
1654460488821	255	0.0004931951989419758
1654460612153	256	0.0005001142271794379
1654460756683	257	0.0005188558716326952
1654460922940	258	0.0004816634173039347
1654461094042	259	0.0005163975874893367
1654461241786	260	0.0005033179768361151
1654461369802	261	0.0005031572072766721
1654461509579	262	0.0005190809606574476
1654461656442	263	0.0004900170606561005
1654461792217	264	0.0004762515891343355
1654461952265	265	0.0005054197390563786
1654462115567	266	0.0005538825644180179
1654462267054	267	0.0005604901234619319
1654462408590	268	0.0004961782251484692
1654462587976	269	0.00047707711928524077
1654462737465	270	0.0004980802768841386
1654462874146	271	0.0005091632483527064
1654463009933	272	0.0004931675503030419
1654463163815	273	0.00047773649566806853
1654463293957	274	0.00045807671267539263
1654463465338	275	0.0004858442407567054
1654463617305	276	0.0005072549683973193
1654463756963	277	0.00047555717173963785
1654463883642	278	0.0004942147643305361
1654464064170	279	0.0005270555266179144
1654464205981	280	0.0005304142832756042
1654464349267	281	0.0004733722598757595
1654464507284	282	0.00047875940799713135
1654464649454	283	0.0004923171945847571
1654464812710	284	0.0004944626125507057
1654464971309	285	0.0005002483376301825
1654465120593	286	0.0004897776525467634
1654465284071	287	0.0005063328426331282
1654465442560	288	0.0004708387714345008
1654465624543	289	0.0004986029816791415
1654465764056	290	0.0004945533582940698
1654465916813	291	0.0005105253076180816
1654466053797	292	0.0004486913967411965
1654466191985	293	0.0004768764483742416
1654466340559	294	0.00048541114665567875
1654466472466	295	0.0004884267109446228
1654466605673	296	0.00047118973452597857
1654466761128	297	0.0005106680910103023
1654466898634	298	0.000519447261467576
1654467095087	299	0.0004718345298897475
1654467238830	300	0.0004921395448036492
1654467418984	301	0.0004786918289028108
1654467582030	302	0.00045738136395812035
1654467752167	303	0.00047471525613218546
1654467878336	304	0.0004846967349294573
1654468030926	305	0.0004644661967176944
1654468180707	306	0.00046313393977470696
1654468332082	307	0.00047373451525345445
1654468491104	308	0.00048228877130895853
1654468658164	309	0.0004705203464254737
1654468809503	310	0.0005066909361630678
1654468959250	311	0.0005128655466251075
1654469093925	312	0.00043196239857934415
1654469235471	313	0.00046701967949047685
1654469419773	314	0.000534893712028861
1654469583374	315	0.0004403711936902255
1654469749582	316	0.0004682154976762831
1654469894672	317	0.0004773687687702477
1654470036935	318	0.0004952982417307794
1654470208769	319	0.0004946365370415151
1654470349568	320	0.0004823206108994782
1654470500353	321	0.0004818423476535827
1654470636516	322	0.000473162712296471
1654470774626	323	0.00044823269126936793
1654470909707	324	0.0004866154631599784
1654471047116	325	0.00048431867617182434
1654471214472	326	0.0004569428274407983
1654471362535	327	0.0004741005541291088
1654471528229	328	0.0005157678970135748
1654471694786	329	0.0004654262156691402
1654471843687	330	0.0005067202728241682
1654471975272	331	0.0004730189684778452
1654472144065	332	0.0004620372492354363
1654472278616	333	0.00046135205775499344
1654472437090	334	0.0004865956143476069
1654472625623	335	0.0004902948276139796
1654472765307	336	0.0004708792257588357
1654472928112	337	0.00047281180741265416
1654473079671	338	0.00047150638420134783
1654473251503	339	0.00045201322063803673
1654473396082	340	0.000493772269692272
1654473546952	341	0.0004374574054963887
1654473692574	342	0.0005011415923945606
1654473843157	343	0.00046460359590128064
1654473981276	344	0.00047626832383684814
1654474127134	345	0.0004703857412096113
1654474263805	346	0.0004168662126176059
1654474408163	347	0.0004577159706968814
1654474560621	348	0.00046940729953348637
1654474723302	349	0.0005082885618321598
1654474896705	350	0.0004668597539421171
1654475053439	351	0.0004911139258183539
1654475197381	352	0.00046648760326206684
1654475361979	353	0.0004446434322744608
1654475501578	354	0.0004593837365973741
1654475621364	355	0.0004693659720942378
1654475746387	356	0.0004599228559527546
1654475941218	357	0.00047043588710948825
1654476073281	358	0.00047971520689316094
1654476236566	359	0.0005079508991912007
1654476387631	360	0.0004926093970425427
1654476543462	361	0.0004790246021002531
1654476711542	362	0.00048079233965836465
1654476861864	363	0.0005115777021273971
1654477021139	364	0.0004756682028528303
1654477177745	365	0.0004905867390334606
1654477338877	366	0.00047731553786434233
1654477471295	367	0.0004772435058839619
1654477619711	368	0.000484023941680789
1654477809245	369	0.0004144676204305142
1654477950258	370	0.0004326307389419526
1654478106384	371	0.0004667989269364625
1654478267140	372	0.00043847152846865356
1654478435903	373	0.000450586638180539
1654478593521	374	0.00045356323244050145
1654478724896	375	0.00044733326649293303
1654478856946	376	0.00043841585284098983
1654479010456	377	0.0004575827333610505
1654479157731	378	0.0004886664100922644
1654479333663	379	0.0005027938168495893
1654479510991	380	0.00046769430628046393
1654479646731	381	0.0005094247753731906
1654479786118	382	0.0004282090230844915
1654479922495	383	0.0004926121910102665
1654480061167	384	0.00043115817243233323
1654480216206	385	0.0004478633345570415
1654480367026	386	0.00045046349987387657
1654480527938	387	0.0004670717753469944
1654480677311	388	0.00044817349407821894
1654480836250	389	0.00045619101729243994
1654480981890	390	0.00045304311788640916
1654481170523	391	0.0004849820688832551
1654481316396	392	0.0004530839796643704
1654481489362	393	0.00047535577323287725
1654481639378	394	0.000473412947030738
1654481786173	395	0.0004500146606005728
1654481933893	396	0.00045911080087535083
1654482103809	397	0.00044926750706508756
1654482250385	398	0.00045768008567392826
1654482433717	399	0.0004493713204283267
1654482585065	400	0.0004740114964079112
1654482740599	401	0.0005176202394068241
1654482870457	402	0.00044843764044344425
1654483016667	403	0.0004816168802790344
1654483152537	404	0.00041865906678140163
1654483309699	405	0.00046304200077429414
1654483482833	406	0.0004623976128641516
1654483645364	407	0.0004768468497786671
1654483810254	408	0.00046267107245512307
1654483975852	409	0.0004498705093283206
1654484146214	410	0.0004619482788257301
1654484299721	411	0.0004409548710100353
1654484433293	412	0.0004641077248379588
1654484602919	413	0.00045848896843381226
1654484759866	414	0.0004563761467579752
1654484914292	415	0.000481279130326584
1654485054357	416	0.00043834393727593124
1654485237845	417	0.0004295264952816069
1654485379143	418	0.00046528552775271237
1654485553876	419	0.0004695201641879976
1654485705192	420	0.0004594123747665435
1654485848238	421	0.00046735419891774654
1654486022617	422	0.0004665349842980504
1654486181922	423	0.00044179757242091
1654486358245	424	0.00042826327262446284
1654486511804	425	0.0004645714652724564
1654486661258	426	0.0004740737786050886
1654486810224	427	0.000428167317295447
1654486942130	428	0.00045362525270320475
1654487127835	429	0.000498643727041781
1654487267753	430	0.0004340552550274879
1654487416517	431	0.0004563274560496211
1654487588204	432	0.0004435887676663697
1654487741935	433	0.0004408558888826519
1654487898199	434	0.00043168460251763463
1654488040503	435	0.0004118259821552783
1654488180028	436	0.0004505414399318397
1654488315989	437	0.0004600834508892149
1654488477290	438	0.0005152351805008948
1654488642495	439	0.0004798708250746131
1654488806632	440	0.0004426144005265087
1654488948472	441	0.00042810183367691934
1654489087754	442	0.0004347218491602689
1654489217430	443	0.00042873687925748527
1654489358710	444	0.0004417939344421029
1654489494620	445	0.0005107139004394412
1654489648543	446	0.0004380874161142856
1654489817671	447	0.0004879558691754937
1654489980170	448	0.00045114505337551236
1654490140089	449	0.0004681094142142683
1654490309063	450	0.0004908146220259368
1654490446536	451	0.00044034331222064793
1654490611061	452	0.0004735688562504947
1654490748097	453	0.0004874188161920756
1654490906342	454	0.0005021712277084589
1654491033666	455	0.0004407259402796626
1654491168154	456	0.00045641115866601467
1654491310663	457	0.00042146898340433836
1654491459428	458	0.00047694784007035196
1654491639073	459	0.00042003265116363764
1654491765071	460	0.00047041094512678683
1654491915429	461	0.00045747339027002454
1654492086412	462	0.0004472208092920482
1654492231321	463	0.0004361469473224133
1654492387054	464	0.0004524661344476044
1654492519713	465	0.0004425653605721891
1654492650774	466	0.00041656228131614625
1654492803238	467	0.00045248231617733836
1654492944383	468	0.0003830096684396267
1654493113646	469	0.000451303698355332
1654493261962	470	0.0004240160633344203
1654493396927	471	0.0004641614214051515
1654493592772	472	0.00044715486001223326
1654493735728	473	0.00043566853855736554
1654493892771	474	0.00048608978977426887
1654494045171	475	0.0004245069867465645
1654494181315	476	0.0004460187046788633
1654494318959	477	0.0004515870241448283
1654494455958	478	0.00044696545228362083
1654494618690	479	0.00046359977568499744
1654494784273	480	0.0004230700433254242
1654494929640	481	0.00043645885307341814
1654495091431	482	0.00045910527114756405
1654495252382	483	0.0004489609273150563
1654495405665	484	0.0003929077065549791
1654495562901	485	0.00043766695307567716
1654495718919	486	0.00043420426663942635
1654495876635	487	0.0004307693161536008
1654496032260	488	0.0004686982720158994
1654496221534	489	0.0004155847418587655
1654496359537	490	0.0004225772281643003
1654496518691	491	0.00044557289220392704
1654496652236	492	0.0004373419506009668
1654496796709	493	0.000459004397271201
1654496940537	494	0.00044659135164693
1654497094118	495	0.0004224061267450452
1654497245542	496	0.0004947609268128872
1654497398265	497	0.00044478161726146936
1654497537702	498	0.00047416583402082324
1654497716938	499	0.00044914454338140786
1654497873121	500	0.0005001075915060937
1654498037333	501	0.0004492198640946299
1654498185867	502	0.00045339501230046153
1654498344912	503	0.00043428197386674583
1654498495904	504	0.0004489911952987313
1654498655574	505	0.00042694577132351696
1654498810245	506	0.0004373771953396499
1654498984128	507	0.00044698070269078016
1654499119821	508	0.00043150491546839476
1654499283639	509	0.00046177106560207903
1654499432047	510	0.00041830408736132085
1654499576207	511	0.0003964494389947504
1654499718534	512	0.00044744685874320567
1654499861760	513	0.0004298195708543062
1654500034094	514	0.0004559543158393353
1654500185246	515	0.00042191200191155076
1654500337482	516	0.00041538404184393585
1654500476854	517	0.0003978980239480734
1654500645492	518	0.00043335065129213035
1654500806160	519	0.0004335313569754362
1654500932353	520	0.0004577133513521403
1654501052336	521	0.00041453601443208754
1654501208595	522	0.0004204296274110675
1654501359063	523	0.0004549137956928462
1654501513944	524	0.00045219436287879944
1654501676531	525	0.0004136414499953389
1654501806642	526	0.00042324524838477373
1654501970990	527	0.0004418171301949769
1654502117628	528	0.00042946197208948433
1654502309414	529	0.0004673581279348582
1654502447289	530	0.000454395281849429
1654502597517	531	0.000456025853054598
1654502741590	532	0.0004199484537821263
1654502896272	533	0.00048134979442693293
1654503034116	534	0.00042651843978092074
1654503191091	535	0.000428302533691749
1654503315752	536	0.00041581367258913815
1654503463676	537	0.0004282508452888578
1654503613896	538	0.0004544485709629953
1654503792818	539	0.00043550485861487687
1654503929338	540	0.00041153348865918815
1654504061705	541	0.0004097342025488615
1654504229789	542	0.0004582178662531078
1654504372670	543	0.0004569774027913809
1654504506693	544	0.00042208112427033484
1654504677427	545	0.00041120912646874785
1654504825536	546	0.00041670617065392435
1654504987969	547	0.000434493413195014
1654505133512	548	0.0004327472415752709
1654505314791	549	0.0004283562011551112
1654505468285	550	0.0004529836878646165
1654505620935	551	0.000457979942439124
1654505778058	552	0.00043006110354326665
1654505921773	553	0.0004179181414656341
1654506080074	554	0.0004387904773466289
1654506231020	555	0.00041072332533076406
1654506378214	556	0.0005140869179740548
1654506518308	557	0.000431147898780182
1654506647430	558	0.00044892498408444226
1654506802641	559	0.00045987387420609593
1654506951078	560	0.0004485117387957871
1654507106569	561	0.00045003986451774836
1654507262003	562	0.000468598649604246
1654507415554	563	0.0004364292253740132
1654507555352	564	0.0004367550718598068
1654507690345	565	0.0004436182207427919
1654507847617	566	0.0004403248894959688
1654507986284	567	0.0003983556816820055
1654508154083	568	0.00043318772804923356
1654508312464	569	0.0004206362063996494
1654508458452	570	0.0004312432138249278
1654508614752	571	0.0004524696560110897
1654508768421	572	0.00043859329889528453
1654508938960	573	0.00043065939098596573
1654509070216	574	0.0004552410391625017
1654509222795	575	0.0004203901335131377
1654509372727	576	0.0004249060293659568
1654509519266	577	0.00043026712955906987
1654509663639	578	0.0004450565029401332
1654509828500	579	0.0004431410925462842
1654509955743	580	0.0004194249922875315
1654510108392	581	0.00045234739081934094
1654510241707	582	0.00041559268720448017
1654510413062	583	0.0004439772746991366
1654510553552	584	0.00043144155642949045
1654510715855	585	0.00042823440162464976
1654510855933	586	0.0004465131787583232
1654510996013	587	0.0004658426914829761
1654511155142	588	0.00040540777263231575
1654511319283	589	0.0003972264821641147
1654511463019	590	0.000455875153420493
1654511606326	591	0.0004057054757140577
1654511756323	592	0.00041176623199135065
1654511937541	593	0.0004531781596597284
1654512083702	594	0.00039044886943884194
1654512219476	595	0.0004235339001752436
1654512374665	596	0.00041479579522274435
1654512517904	597	0.00041981280082836747
1654512656778	598	0.00039615973946638405
1654512836505	599	0.0004189081664662808
1654512994767	600	0.0004283821035642177
1654513147219	601	0.0004128831787966192
1654513321922	602	0.0004345865163486451
1654513482597	603	0.00040353238000534475
1654513671166	604	0.00044261812581680715
1654513817044	605	0.00044172219350002706
1654513969695	606	0.0004385584034025669
1654514107139	607	0.0004722302546724677
1654514290963	608	0.0004193446657154709
1654514465463	609	0.000434308749390766
1654514604826	610	0.000419840042013675
1654514734184	611	0.00045856760698370636
1654514887357	612	0.00041119824163615704
1654515026248	613	0.00040699332021176815
1654515167342	614	0.00042618319275788963
1654515330222	615	0.00044610374607145786
1654515480907	616	0.0004210682527627796
1654515614109	617	0.00041085228440351784
1654515781769	618	0.00042757781920954585
1654515964389	619	0.0004192967026028782
1654516107815	620	0.000440978939877823
1654516258006	621	0.00038907714770175517
1654516401494	622	0.00040022304165177047
1654516560696	623	0.0004209644685033709
1654516698910	624	0.00040922401240095496
1654516860957	625	0.0004303563910070807
1654517003498	626	0.00041852390859276056
1654517161002	627	0.00043570774141699076
1654517300857	628	0.0004009764234069735
1654517476347	629	0.000417756091337651
1654517629106	630	0.0003999000182375312
1654517798856	631	0.0004168194136582315
1654517965107	632	0.0004200518596917391
1654518093194	633	0.0004159039817750454
1654518217647	634	0.0004247422912158072
1654518361759	635	0.0004032223077956587
1654518486488	636	0.00043779725092463195
1654518626222	637	0.00043688344885595143
1654518782500	638	0.00042961823055520654
1654518956687	639	0.00042361312080174685
1654519118024	640	0.0004381490871310234
1654519256022	641	0.0004011827695649117
1654519378665	642	0.0004330539086367935
1654519523627	643	0.0004566397110465914
1654519674032	644	0.00042125966865569353
1654519815574	645	0.00040785898454487324
1654519972656	646	0.0004004297370556742
1654520118333	647	0.00042359301005490124
1654520276117	648	0.0004409544635564089
1654520437817	649	0.00042185711208730936
1654520569008	650	0.000388581829611212
1654520729454	651	0.0004030222480650991
1654520896610	652	0.00041167394374497235
1654521068930	653	0.0004206744779367
1654521219533	654	0.00042401422979310155
1654521364966	655	0.00047173898201435804
1654521498840	656	0.00040014629485085607
1654521622508	657	0.00039448359166271985
1654521759486	658	0.0004110557783860713
1654521937467	659	0.00039356350316666067
1654522124437	660	0.00040811518556438386
1654522276144	661	0.0004808857338503003
1654522408141	662	0.00043426567572169006
1654522556853	663	0.0004263408773113042
1654522705099	664	0.00041163168498314917
1654522857792	665	0.000459901086287573
1654522993751	666	0.00041396552114747465
1654523146267	667	0.00040753750363364816
1654523285362	668	0.0004020008782390505
1654523463472	669	0.00045182014582678676
1654523615101	670	0.0004037066828459501
1654523766597	671	0.0004532762395683676
1654523900994	672	0.00040977317257784307
1654524062512	673	0.0004452643042895943
1654524204917	674	0.0004081594233866781
1654524341465	675	0.00042580091394484043
1654524464193	676	0.00044395591248758137
1654524629034	677	0.00042544468306005
1654524793218	678	0.0004164014826528728
1654524977621	679	0.00044197842362336814
1654525136178	680	0.0004176466027274728
1654525296686	681	0.00046888456563465297
1654525438055	682	0.00044508089195005596
1654525585840	683	0.00043191088479943573
1654525757343	684	0.00042680013575591147
1654525901509	685	0.00046207240666262805
1654526035139	686	0.0004111482121516019
1654526187621	687	0.0004265599127393216
1654526354794	688	0.00039432942867279053
1654526524644	689	0.00038315929123200476
1654526669735	690	0.0004117292701266706
1654526817103	691	0.00042024042340926826
1654526962158	692	0.00044829820399172604
1654527101468	693	0.00041793400305323303
1654527236578	694	0.0004299586871638894
1654527365886	695	0.0004471772990655154
1654527528261	696	0.0003876156697515398
1654527661654	697	0.00042592897079885006
1654527803839	698	0.00038476259214803576
1654527962467	699	0.00040493172127753496
1654528114917	700	0.00041300745215266943
1654528264669	701	0.0004634441575035453
1654528481763	702	0.00040185402031056583
1654528622023	703	0.00039891080814413726
1654528761786	704	0.00038156486698426306
1654528914600	705	0.0004530558071564883
1654529069313	706	0.0003789532638620585
1654529230395	707	0.0003968731907662004
1654529389988	708	0.00041881180368363857
1654529572890	709	0.0004285857721697539
1654529723100	710	0.0004000971093773842
1654529877679	711	0.00043546437518671155
1654530019173	712	0.0004349519731476903
1654530157240	713	0.0004313634126447141
1654530300368	714	0.00040093681309372187
1654530463295	715	0.0004250967176631093
1654530591637	716	0.0004184605204500258
1654530756989	717	0.0004720348515547812
1654530910605	718	0.0004227700992487371
1654531073165	719	0.00047117259236983955
1654531195268	720	0.0004273166414350271
1654531356677	721	0.0004324664478190243
1654531493141	722	0.00042271657730452716
1654531638707	723	0.0004278548003640026
1654531794695	724	0.00042009964818134904
1654531967483	725	0.0004224145959597081
1654532117056	726	0.00038142059929668903
1654532256508	727	0.00043672090396285057
1654532416299	728	0.0004223136347718537
1654532590888	729	0.00041272511589340866
1654532748228	730	0.0003767453308682889
1654532900707	731	0.00040162508958019316
1654533052895	732	0.0004014762816950679
1654533218147	733	0.0004277090192772448
1654533339797	734	0.00046659118379466236
1654533499111	735	0.00042616628343239427
1654533648603	736	0.00040934167918749154
1654533779029	737	0.000423729739850387
1654533931116	738	0.0004356354183983058
1654534104937	739	0.00041083601536229253
1654534254124	740	0.0004403070779517293
1654534388077	741	0.000433048204286024
1654534526439	742	0.00042621843749657273
1654534678278	743	0.00043686587014235556
1654534814747	744	0.00040155721944756806
1654534961950	745	0.0004375422722660005
1654535114686	746	0.0003908802173100412
1654535290190	747	0.00044189757318235934
1654535435613	748	0.00044508581049740314
1654535598457	749	0.00041501986561343074
1654535756507	750	0.00044788760715164244
1654535927199	751	0.00042894374928437173
1654536087858	752	0.0004314750840421766
1654536264053	753	0.0003730499593075365
1654536421351	754	0.00042783631943166256
1654536589928	755	0.00038386823143810034
1654536721654	756	0.00042406751890666783
1654536856010	757	0.00041272598900832236
1654537005254	758	0.00039116316474974155
1654537180008	759	0.0003899071307387203
1654537309326	760	0.00042903661960735917
1654537478931	761	0.00044285354670137167
1654537615344	762	0.00039370640297420323
1654537759245	763	0.00043558678589761257
1654537915593	764	0.00042707566171884537
1654538098406	765	0.00041911733569577336
1654538241586	766	0.00040611621807329357
1654538391550	767	0.0004193260392639786
1654538537073	768	0.0004141514073126018
1654538698766	769	0.00040107217500917614
1654538840165	770	0.0004060459032189101
1654538969068	771	0.00039264134829863906
1654539091373	772	0.0003841302532237023
1654539240135	773	0.0004247624601703137
1654539403382	774	0.00039320849464274943
1654539575283	775	0.0004281526489648968
1654539726291	776	0.00044388356036506593
1654539880819	777	0.0004075779870618135
1654540017591	778	0.00039949154597707093
1654540190558	779	0.00041917411726899445
1654540319076	780	0.00044295220868662
1654540476574	781	0.00041375376167707145
1654540635638	782	0.000407396029913798
1654540764569	783	0.00038046014378778636
1654540921359	784	0.0003877213748637587
1654541098086	785	0.0004533965256996453
1654541229872	786	0.00040084251668304205
1654541365113	787	0.00040762757998891175
1654541513642	788	0.0003905936609953642
1654541685292	789	0.00042988467612303793
1654541852253	790	0.0004211224149912596
1654542009486	791	0.0004062000080011785
1654542142872	792	0.00038657477125525475
1654542263776	793	0.0003592738648876548
1654542422699	794	0.00039286736864596605
1654542568670	795	0.0004337042337283492
1654542749030	796	0.00044479742064140737
1654542880829	797	0.0003840829886030406
1654543027244	798	0.0004141712561249733
1654543207331	799	0.00037583275116048753
1654543374037	800	0.00042873035999946296
1654543525019	801	0.00043790205381810665
1654543665639	802	0.00041948980651795864
1654543802543	803	0.0004141099052503705
1654543967038	804	0.0004360711027402431
1654544105257	805	0.00039812663453631103
1654544283401	806	0.0004027180839329958
1654544445399	807	0.00042588022188283503
1654544584362	808	0.0004086564003955573
1654544749816	809	0.0004413952410686761
1654544902152	810	0.0003917954454664141
1654545024239	811	0.0004030508571304381
1654545175289	812	0.00039406647556461394
1654545310496	813	0.00042476991075091064
1654545463187	814	0.00037578807678073645
1654545607315	815	0.0004152282199356705
1654545743259	816	0.000405653117923066
1654545892743	817	0.0004256725078448653
1654546047309	818	0.00041485525434836745
1654546207543	819	0.00039029031177051365
1654546361289	820	0.0004505758988671005
1654546507686	821	0.0004087831766810268
1654546695089	822	0.0004613652126863599
1654546840303	823	0.00045736212632618845
1654546995319	824	0.0004061538784299046
1654547143545	825	0.0003996823506895453
1654547314247	826	0.0003913119435310364
1654547451042	827	0.00040916455327533185
1654547594637	828	0.0003859722928609699
1654547756781	829	0.00039811452734284103
1654547906029	830	0.0003964293864555657
1654548046229	831	0.0004046217945870012
1654548177187	832	0.00038844006485305727
1654548314877	833	0.0004167000879533589
1654548478697	834	0.00044832186540588737
1654548640792	835	0.00038154402864165604
1654548795356	836	0.0004087248526047915
1654548948318	837	0.0003926327917724848
1654549073729	838	0.00043237250065431
1654549248824	839	0.0003955754218623042
1654549398971	840	0.00040065127541311085
1654549567630	841	0.00040178748895414174
1654549704180	842	0.0004111778980586678
1654549837538	843	0.0004158868978265673
1654549988212	844	0.00041796622099354863
1654550150941	845	0.00040154429734684527
1654550300641	846	0.0003766655863728374
1654550444501	847	0.00036951981019228697
1654550585200	848	0.000429545616498217
1654550733680	849	0.0003858096606563777
1654550878322	850	0.000415526534197852
1654551010014	851	0.00039016513619571924
1654551149525	852	0.0004165563441347331
1654551304327	853	0.0004319924337323755
1654551448409	854	0.00037941476330161095
1654551586095	855	0.000366599066182971
1654551725759	856	0.00040411920053884387
1654551863584	857	0.0004008544492535293
1654552009345	858	0.000391663343179971
1654552170085	859	0.00045111021609045565
1654552337596	860	0.0003862057637888938
1654552467649	861	0.000411603890825063
1654552607880	862	0.000388974673114717
1654552766782	863	0.00041740405140444636
1654552950094	864	0.0004113145114388317
1654553071431	865	0.0003670575679279864
1654553207440	866	0.0003917765279766172
1654553341667	867	0.00043023726902902126
1654553495027	868	0.0004026083624921739
1654553647573	869	0.0003821198479272425
1654553798953	870	0.0004048978735227138
1654553941064	871	0.000425623293267563
1654554086781	872	0.000394498958485201
1654554238227	873	0.00042697586468420923
1654554411992	874	0.00043174182064831257
1654554558448	875	0.00040414094110019505
1654554714566	876	0.00039896281668916345
1654554879260	877	0.0004004870424978435
1654555028600	878	0.00038694648537784815
1654555207461	879	0.00037614619941450655
1654555359897	880	0.0003781513078138232
1654555503335	881	0.0003572935238480568
1654555640781	882	0.0004156935610808432
1654555809534	883	0.00038543151458725333
1654555975615	884	0.0003848969063255936
1654556167940	885	0.00042065625893883407
1654556317192	886	0.00037822197191417217
1654556461529	887	0.0003894087567459792
1654556621948	888	0.0003936263674404472
1654556787540	889	0.00038342853076756
1654556953812	890	0.00038579179090447724
1654557102435	891	0.00043366604950279
1654557269940	892	0.0003860334982164204
1654557414671	893	0.00041501145460642874
1654557578987	894	0.0004246470343787223
1654557731805	895	0.0003985511721111834
1654557882339	896	0.00040394769166596234
1654558033013	897	0.0004062664811499417
1654558220447	898	0.0004232069768477231
1654558383752	899	0.00037968711694702506
1654558522276	900	0.000451853935373947
1654558659674	901	0.0003998025495093316
1654558784106	902	0.00041574917850084603
1654558925719	903	0.00038144225254654884
1654559083653	904	0.0003827027103397995
1654559225359	905	0.0003932591644115746
1654559390429	906	0.00039757968625053763
1654559520175	907	0.0004079662903677672
1654559678999	908	0.00038866064278408885
1654559870981	909	0.00040811291546560824
1654560023411	910	0.0003861944715026766
1654560180770	911	0.0004105431726202369
1654560341901	912	0.00046866320190019906
1654560469298	913	0.0003799313853960484
1654560634204	914	0.00043260163511149585
1654560771754	915	0.00039245327934622765
1654560909643	916	0.0003789368493016809
1654561063834	917	0.00040608731796965003
1654561220619	918	0.0003951812977902591
1654561374296	919	0.0004264776944182813
1654561528019	920	0.0003671186277642846
1654561667607	921	0.00035909470170736313
1654561820705	922	0.0004057238111272454
1654561967214	923	0.00044140752288512886
1654562112516	924	0.0004217491077724844
1654562263170	925	0.00043602168443612754
1654562392394	926	0.00040234235348179936
1654562529802	927	0.0004052353324368596
1654562672817	928	0.0004234211228322238
1654562850222	929	0.0003682850510813296
1654562995454	930	0.0003957291482947767
1654563122845	931	0.00041224935557693243
1654563288220	932	0.00038168448372744024
1654563425045	933	0.00040833730599842966
1654563579239	934	0.0004048603295814246
1654563751431	935	0.00042854106868617237
1654563909445	936	0.00041473895544186234
1654564059005	937	0.00043015333358198404
1654564224064	938	0.00042260924237780273
1654564384146	939	0.00041127961594611406
1654564532568	940	0.0004128545115236193
1654564690867	941	0.0003969359095208347
1654564865895	942	0.0004624530265573412
1654565020426	943	0.0004312208911869675
1654565168055	944	0.0004095901094842702
1654565323657	945	0.0004052720032632351
1654565494361	946	0.0004072209121659398
1654565638629	947	0.0004120786034036428
1654565800488	948	0.00037419566069729626
1654565965919	949	0.00038979784585535526
1654566093252	950	0.0004103005339857191
1654566252083	951	0.0004239397239871323
1654566394938	952	0.00040350944618694484
1654566573144	953	0.00040681491373106837
1654566729636	954	0.00040583976078778505
1654566869673	955	0.000402432051487267
1654567009044	956	0.00040159295895136893
1654567157349	957	0.00041078595677390695
1654567337006	958	0.0004018067556899041
1654567501362	959	0.00038720175507478416
1654567678538	960	0.0004253883962519467
1654567840694	961	0.00045947637408971786
1654567976047	962	0.00040109315887093544
1654568122710	963	0.00041626032907515764
1654568281861	964	0.00040655583143234253
1654568436589	965	0.00041717421845532954
1654568565685	966	0.00039888484752736986
1654568718881	967	0.0004422821511980146
1654568851954	968	0.0004304778412915766
1654569020847	969	0.0003955479769501835
1654569169892	970	0.0003821278805844486
1654569331144	971	0.0004082673694938421
1654569479389	972	0.0004182314150966704
1654569659926	973	0.0004053755255881697
1654569825142	974	0.00046445164480246603
1654569950675	975	0.0003909471561200917
1654570108979	976	0.00037505917134694755
1654570249626	977	0.0004050258139614016
1654570394639	978	0.00042608208605088294
1654570559982	979	0.00040799056296236813
1654570695080	980	0.00039590883534401655
1654570821776	981	0.00039856662624515593
1654570970011	982	0.00038581513217650354
1654571118879	983	0.00040836905827745795
1654571268852	984	0.00040256543434225023
1654571397208	985	0.00038497804780490696
1654571563084	986	0.0004300936416257173
1654571736228	987	0.0004077185003552586
1654571876308	988	0.0004281231667846441
1654572019193	989	0.0003871917724609375
1654572165921	990	0.00040412586531601846
1654572319719	991	0.0004368907830212265
1654572472451	992	0.0004092691815458238
1654572662230	993	0.0003933896659873426
1654572791549	994	0.0004021258791908622
1654572935693	995	0.00038826855598017573
1654573070584	996	0.00042352997115813196
1654573201255	997	0.0004274054663255811
1654573345921	998	0.00038920436054468155
1654573518984	999	0.00038930901791900396
1654573654013	1000	0.000437593727838248
1654573778072	1001	0.0003987853997386992
1654573929984	1002	0.0004291036748327315
1654574094823	1003	0.00041286100167781115
1654574240535	1004	0.0004001998750027269
1654574372690	1005	0.0003756058285944164
1654574521794	1006	0.00041351659456267953
1654574693999	1007	0.0004047041875310242
1654574837895	1008	0.00038154289359226823
1654575034600	1009	0.0004191616317257285
1654575183399	1010	0.00038986696745269
1654575322976	1011	0.00042568729259073734
1654575465611	1012	0.0004027219256386161
1654575640902	1013	0.00043581135105341673
1654575788109	1014	0.00047021688078530133
1654575924165	1015	0.0003742264525499195
1654576076870	1016	0.00039255106821656227
1654576249764	1017	0.000396469549741596
1654576389917	1018	0.00040137916221283376
1654576562559	1019	0.0004039065388496965
1654576710738	1020	0.00041319066076539457
1654576885020	1021	0.0003919042937923223
1654577025460	1022	0.0004127637075725943
1654577155193	1023	0.00042241590563207865
1654577310354	1024	0.00038395205046981573
1654577479893	1025	0.00040535873267799616
1654577629049	1026	0.0004182387492619455
1654577785385	1027	0.00038965552812442183
1654577942620	1028	0.0004248983459547162
1654578108115	1029	0.0004309809301048517
1654578267756	1030	0.0003886799968313426
1654578409773	1031	0.0003847317420877516
1654578587165	1032	0.0003999410546384752
1654578741114	1033	0.0003568851971067488
1654578906330	1034	0.00038583052810281515
1654579053550	1035	0.00036835469654761255
1654579188852	1036	0.00040380729478783906
1654579343238	1037	0.0004034003068227321
1654579475576	1038	0.0004126934800297022
1654579645552	1039	0.00040585294482298195
1654579788491	1040	0.00041525912820361555
1654579948026	1041	0.00037284227437339723
1654580099694	1042	0.00038564414717257023
1654580231988	1043	0.00038622732972726226
1654580381267	1044	0.0003621766809374094
1654580553037	1045	0.00038279936416074634
1654580718455	1046	0.0003847686166409403
1654580868464	1047	0.0003863545134663582
1654581001549	1048	0.00038321444299072027
1654581186886	1049	0.0003895559930242598
1654581340959	1050	0.0003988863609265536
1654581497684	1051	0.0004036560421809554
1654581625440	1052	0.00040465922211296856
1654581769945	1053	0.0003900368174072355
1654581906208	1054	0.00043404140160419047
1654582064269	1055	0.0003902126045431942
1654582231840	1056	0.0003742760163731873
1654582380435	1057	0.0003921540337614715
1654582529083	1058	0.00035946795833297074
1654582699537	1059	0.0003602710785344243
1654582836976	1060	0.0004006980743724853
1654583005457	1061	0.00038584621506743133
1654583165665	1062	0.00041623914148658514
1654583312323	1063	0.0004162078257650137
1654583448111	1064	0.00041872341535054147
1654583596246	1065	0.0003726033610291779
1654583752871	1066	0.0004115795309189707
1654583900271	1067	0.0004272984806448221
1654584019564	1068	0.000418613402871415
1654584168454	1069	0.00040110331610776484
1654584317363	1070	0.00038404774386435747
1654584494545	1071	0.00038111419416964054
1654584627324	1072	0.00039849107270129025
1654584776628	1073	0.00037937823799438775
1654584917478	1074	0.000402262870920822
1654585082641	1075	0.0004378697194624692
1654585260209	1076	0.00037192695890553296
1654585432335	1077	0.00042855943320319057
1654585566234	1078	0.0003598270704969764
1654585740104	1079	0.0003845736791845411
1654585892007	1080	0.0003988729731645435
1654586039994	1081	0.00040276822983287275
1654586177951	1082	0.0003987951495219022
1654586315535	1083	0.00037527052336372435
1654586467529	1084	0.00038567246519960463
1654586614466	1085	0.0004122417012695223
1654586749742	1086	0.00041977385990321636
1654586901070	1087	0.0003662350936792791
1654587047958	1088	0.00041742261964827776
1654587198721	1089	0.0004314309044275433
1654587363616	1090	0.00039070480852387846
1654587513343	1091	0.00042738899355754256
1654587694745	1092	0.00041098581277765334
1654587837070	1093	0.00037510067340917885
1654587985295	1094	0.0004085516557097435
1654588141597	1095	0.00040408861241303384
1654588283218	1096	0.0003885618643835187
1654588449619	1097	0.0004143516707699746
1654588615190	1098	0.0003693450125865638
1654588785083	1099	0.0003737558436114341
1654588926914	1100	0.00039036772795952857
1654589067468	1101	0.0003691381134558469
1654589218181	1102	0.00039238500175997615
1654589382551	1103	0.000411138724302873
1654589522781	1104	0.00037818230339325964
1654589670998	1105	0.0003625268000178039
1654589842723	1106	0.0003719047817867249
1654590019295	1107	0.00043538151658140123
1654590187297	1108	0.0004058831837028265
1654590375749	1109	0.0003709340817295015
1654590529454	1110	0.0003956160508096218
1654590661552	1111	0.0003589526459109038
1654590813799	1112	0.0003748877497855574
1654590935504	1113	0.00041055819019675255
1654591070510	1114	0.00039256070158444345
1654591249296	1115	0.0003934778505936265
1654591419344	1116	0.0003939300077036023
1654591572507	1117	0.0004097545752301812
1654591720194	1118	0.000420544296503067
1654591899572	1119	0.0004244765150360763
1654592062751	1120	0.00039612429100088775
1654592199485	1121	0.00037223505205474794
1654592350315	1122	0.0003982155176345259
1654592489658	1123	0.00038995768409222364
1654592644351	1124	0.0003897812566719949
1654592817760	1125	0.00036760984221473336
1654592963062	1126	0.0003998499014414847
1654593100103	1127	0.0003798202087637037
1654593228355	1128	0.00038166582817211747
1654593401493	1129	0.0004152348847128451
1654593544703	1130	0.00039807494613341987
1654593684123	1131	0.0003705262497533113
1654593840653	1132	0.00040440342854708433
1654594005839	1133	0.00038388711982406676
1654594163447	1134	0.00041837041499093175
1654594311037	1135	0.000401917815906927
1654594446620	1136	0.00037989052361808717
1654594598336	1137	0.0003839725977741182
1654594755836	1138	0.00040747338789515197
1654594919211	1139	0.00039514529635198414
1654595071077	1140	0.00036954000825062394
1654595216128	1141	0.00040431402157992125
1654595380340	1142	0.00040771462954580784
1654595531556	1143	0.0004075649776495993
1654595676239	1144	0.00040410179644823074
1654595802917	1145	0.00040587439434602857
1654595955898	1146	0.00044245595927350223
1654596106581	1147	0.00043434707913547754
1654596250311	1148	0.0003814460360445082
1654596415468	1149	0.00037524255458265543
1654596559894	1150	0.0003477174905128777
1654596693924	1151	0.0003907423815689981
1654596822827	1152	0.0003793336218222976
1654597014875	1153	0.0004277363477740437
1654597163063	1154	0.0003670886217150837
1654597329867	1155	0.0003871935186907649
1654597490561	1156	0.0003912831307388842
1654597640584	1157	0.0003929907106794417
1654597798986	1158	0.0004091611481271684
1654597973396	1159	0.0004097663622815162
1654598118856	1160	0.00039085684693418443
1654598253058	1161	0.0004112062160857022
1654598380101	1162	0.0003800535050686449
1654598551275	1163	0.0004052697913721204
1654598703155	1164	0.00040779876871965826
1654598835150	1165	0.00037379824789240956
1654598988884	1166	0.00039894614019431174
1654599128219	1167	0.0004092398739885539
1654599313441	1168	0.0003802275750786066
1654599504765	1169	0.0003923060139641166
1654599667076	1170	0.0003817285760305822
1654599809038	1171	0.0003891005471814424
1654599967105	1172	0.0003830339410342276
1654600126841	1173	0.0003733468474820256
1654600289941	1174	0.00039779223152436316
1654600416705	1175	0.00034977091127075255
1654600548675	1176	0.00040430104127153754
1654600694362	1177	0.0003809377085417509
1654600856706	1178	0.0003548726381268352
1654601023720	1179	0.0003834992239717394
1654601165116	1180	0.0004198578535579145
1654601321978	1181	0.00041824154322966933
1654601464820	1182	0.0003893344255629927
1654601609997	1183	0.0004232268256600946
1654601757861	1184	0.0003866816114168614
1654601900816	1185	0.00042092218063771725
1654602050173	1186	0.00041321702883578837
1654602187825	1187	0.0003992288839071989
1654602325568	1188	0.0003795181983150542
1654602507782	1189	0.0003790179907809943
1654602660419	1190	0.0003818186232820153
1654602813103	1191	0.0004172849003225565
1654602962188	1192	0.00037354734377004206
1654603125558	1193	0.0003835076931864023
1654603260286	1194	0.00041398618486709893
1654603428326	1195	0.0003924460615962744
1654603593527	1196	0.0004153157933615148
1654603741169	1197	0.0004029843839816749
1654603904228	1198	0.00039339024806395173
1654604086510	1199	0.00038402387872338295
1654604234776	1200	0.00037824909668415785
1654604402431	1201	0.0004581701650749892
1654604567666	1202	0.0003673473256640136
1654604708300	1203	0.00043265669955872
1654604843351	1204	0.00036913459189236164
1654604974965	1205	0.00038120802491903305
1654605154076	1206	0.00036634717253036797
1654605292900	1207	0.00039575278060510755
1654605448109	1208	0.0004043882363475859
1654605594335	1209	0.00038125619175843894
1654605745654	1210	0.00038032251177355647
1654605892654	1211	0.0003657550550997257
1654606046755	1212	0.0003915549023076892
1654606203313	1213	0.00038646667962893844
1654606360196	1214	0.0004020619089715183
1654606495120	1215	0.0004014410078525543
1654606628353	1216	0.00037684975541196764
1654606782136	1217	0.0004327805945649743
1654606897571	1218	0.00039626858779229224
1654607056333	1219	0.0003851192304864526
1654607230070	1220	0.0003979021857958287
1654607373255	1221	0.0003821803838945925
1654607524963	1222	0.00036997266579419374
1654607667556	1223	0.0003558879252523184
1654607806038	1224	0.0003755329526029527
1654607982662	1225	0.00040757376700639725
1654608129837	1226	0.00038066323031671345
1654608280780	1227	0.0003820328274741769
1654608432496	1228	0.00040684238774701953
1654608601882	1229	0.00039377063512802124
1654608760701	1230	0.00039781068335287273
1654608891074	1231	0.00038830138510093093
1654609038017	1232	0.0003821851860266179
1654609195795	1233	0.0003799434343818575
1654609320848	1234	0.0003557266609277576
1654609456399	1235	0.00039125405601225793
1654609632959	1236	0.00037952925777062774
1654609799315	1237	0.00040002187597565353
1654609931089	1238	0.0003762757987715304
1654610109944	1239	0.0003843819140456617
1654610282163	1240	0.0003963029303122312
1654610436308	1241	0.00037340098060667515
1654610561277	1242	0.00038244054303504527
1654610705774	1243	0.0004341785388533026
1654610858541	1244	0.00037753835204057395
1654611024477	1245	0.000348826200934127
1654611182909	1246	0.00038904784014448524
1654611335222	1247	0.00039917443064041436
1654611493683	1248	0.000411287386668846
1654611672932	1249	0.0004047637339681387
1654611814989	1250	0.00038212526123970747
1654611952214	1251	0.00039724702946841717
1654612114689	1252	0.0003600665368139744
1654612279308	1253	0.0003844392776954919
1654612411711	1254	0.00043761698179878294
1654612563416	1255	0.0004027482937090099
1654612708270	1256	0.0003732586628757417
1654612853086	1257	0.00040626758709549904
1654613014244	1258	0.0004170066677033901
1654613181919	1259	0.00039134506369009614
1654613341214	1260	0.00043221746454946697
1654613484398	1261	0.00040766355232335627
1654613634377	1262	0.0003762369160540402
1654613792344	1263	0.0003662013914436102
1654613968501	1264	0.0004040940839331597
1654614133766	1265	0.00038911119918338954
1654614280444	1266	0.0004113007162231952
1654614436520	1267	0.0004210268962197006
1654614592151	1268	0.00039032395579852164
1654614762821	1269	0.0004082379164174199
1654614906770	1270	0.0003963842464145273
1654615060620	1271	0.000414688722230494
1654615226452	1272	0.00039170056697912514
1654615364348	1273	0.0003739110834430903
1654615492166	1274	0.0003822259313892573
1654615630811	1275	0.00038154778303578496
1654615779035	1276	0.0004066647670697421
1654615919514	1277	0.00036462373100221157
1654616105046	1278	0.00040170387364923954
1654616278640	1279	0.00042316148756071925
1654616444391	1280	0.0004081753140781075
1654616613855	1281	0.00036522618029266596
1654616758877	1282	0.0003576650924514979
1654616909759	1283	0.00036957449628971517
1654617066725	1284	0.00040056847501546144
1654617224196	1285	0.00038070493610575795
1654617366178	1286	0.0003799255646299571
1654617539618	1287	0.00043203256791457534
1654617692844	1288	0.00036179780727252364
1654617848724	1289	0.00035509082954376936
1654618009509	1290	0.000401952100219205
1654618177379	1291	0.0003897546848747879
1654618326586	1292	0.0003881057782564312
1654618499594	1293	0.0003711381577886641
1654618628922	1294	0.0003855411778204143
1654618785885	1295	0.00037757656536996365
1654618945636	1296	0.00038077833596616983
1654619089624	1297	0.0003767560119740665
1654619233883	1298	0.0003860721772070974
1654619429461	1299	0.00039263401413336396
1654619568408	1300	0.0004093307943549007
1654619731223	1301	0.000411814107792452
1654619901955	1302	0.0003873637178912759
1654620059136	1303	0.00042337036575190723
1654620209649	1304	0.00039374083280563354
1654620360388	1305	0.0003762589185498655
1654620492952	1306	0.0003954137209802866
1654620659688	1307	0.000397041643736884
1654620826336	1308	0.0003858936543110758
1654620979949	1309	0.0003912342363037169
1654621151028	1310	0.00038951970054768026
1654621299258	1311	0.00042305776150897145
1654621469633	1312	0.0004147901199758053
1654621632469	1313	0.0004033279838040471
1654621774797	1314	0.0003975801228079945
1654621916664	1315	0.00037681995308957994
1654622077808	1316	0.0003972459235228598
1654622218950	1317	0.0004235135857015848
1654622347345	1318	0.00039662010385654867
1654622536463	1319	0.00037171560688875616
1654622686867	1320	0.0004221872368361801
1654622842773	1321	0.000339452555635944
1654623013278	1322	0.0004023156361654401
1654623158753	1323	0.00038884187233634293
1654623287961	1324	0.0003489649388939142
1654623431820	1325	0.00033825109130702913
1654623591918	1326	0.00037205457920208573
1654623711908	1327	0.00038250445504672825
1654623854275	1328	0.00042966619366779923
1654624009672	1329	0.0003750129835680127
1654624160495	1330	0.0003980535257142037
1654624314273	1331	0.0003692945756483823
1654624467836	1332	0.00044867669930681586
1654624603914	1333	0.00039147635106928647
1654624776110	1334	0.00038437635521404445
1654624922805	1335	0.00041134405182674527
1654625060873	1336	0.00037339795380830765
1654625212679	1337	0.0003812907380051911
1654625371956	1338	0.0003862122248392552
1654625544484	1339	0.0003674845793284476
1654625701905	1340	0.0003837067342828959
1654625863849	1341	0.0003609997802414
1654626057836	1342	0.00037385179894044995
1654626219415	1343	0.000346305372659117
1654626350782	1344	0.00039727555122226477
1654626507520	1345	0.00038977060467004776
1654626651607	1346	0.000427855207817629
1654626788445	1347	0.0004092612653039396
1654626939396	1348	0.0004098571080248803
1654627094504	1349	0.0003602812939789146
1654627254085	1350	0.00039066109457053244
1654627416803	1351	0.000401266326662153
1654627556336	1352	0.00034944622893817723
1654627704628	1353	0.0003595863818190992
1654627850529	1354	0.00039905731682665646
1654627991851	1355	0.0003656914923340082
1654628146332	1356	0.00038696808042004704
1654628284097	1357	0.0004054432502016425
1654628448948	1358	0.0003581297933124006
1654628641470	1359	0.00039245220250450075
1654628799628	1360	0.0003815338423009962
1654628949188	1361	0.0003908549260813743
1654629126008	1362	0.00037432441604323685
1654629260956	1363	0.0003716681676451117
1654629397574	1364	0.0003701352106872946
1654629549242	1365	0.00033253172296099365
1654629685370	1366	0.00038572875200770795
1654629826029	1367	0.00036999108851887286
1654629953856	1368	0.0003858393174596131
1654630139304	1369	0.00037277431692928076
1654630304961	1370	0.0003542182967066765
1654630455851	1371	0.0003733284247573465
1654630600331	1372	0.00037583510857075453
1654630779778	1373	0.00043250693124718964
1654630941016	1374	0.00036389962770044804
1654631132626	1375	0.0003869175270665437
1654631264849	1376	0.0004019266052637249
1654631391556	1377	0.00039264405495487154
1654631537174	1378	0.0003544013889040798
1654631692742	1379	0.0003824028535746038
1654631853906	1380	0.00042037625098600984
1654631987710	1381	0.0003925375349353999
1654632132450	1382	0.0003815759555436671
1654632306366	1383	0.00037098306347616017
1654632468686	1384	0.0003821633290499449
1654632597915	1385	0.00044043088564649224
1654632739579	1386	0.0003462695749476552
1654632886029	1387	0.0004055138269905001
1654633027922	1388	0.00038390676490962505
1654633197535	1389	0.0003719107189681381
1654633348869	1390	0.00035396148450672626
1654633518194	1391	0.0003880021395161748
1654633664178	1392	0.0003993174177594483
1654633818770	1393	0.00037645635893568397
1654633976391	1394	0.00037484406493604183
1654634109898	1395	0.00035540355020202696
1654634252936	1396	0.0004002156783826649
1654634393721	1397	0.000360410864232108
1654634524826	1398	0.00038350324030034244
1654634675959	1399	0.0003736708022188395
1654634825668	1400	0.0003686219861265272
1654634976743	1401	0.000392553600249812
1654635132622	1402	0.0004035192832816392
1654635288638	1403	0.00038712116656824946
1654635426218	1404	0.0003578463802114129
1654635579590	1405	0.00038777172449044883
1654635734503	1406	0.0003555091971065849
1654635869021	1407	0.00035173940705135465
1654636031385	1408	0.0003592640860006213
1654636203810	1409	0.0003974848659709096
1654636348822	1410	0.00037671957397833467
1654636511162	1411	0.0003661505179479718
1654636634093	1412	0.00039531156653538346
1654636794161	1413	0.0003605410165619105
1654636942883	1414	0.00037019848241470754
1654637093899	1415	0.00036230028490535915
1654637246242	1416	0.00041994309867732227
1654637398350	1417	0.0003847137850243598
1654637552741	1418	0.00044305401388555765
1654637706044	1419	0.00039383131661452353
1654637867094	1420	0.00037316305679269135
1654638014696	1421	0.0003647503035608679
1654638181190	1422	0.0003841322031803429
1654638331083	1423	0.0003998636675532907
1654638490113	1424	0.00040048823575489223
1654638620989	1425	0.0003951276303268969
1654638760956	1426	0.00037417703424580395
1654638896455	1427	0.0003795362135861069
1654639045496	1428	0.0004050415591336787
1654639227435	1429	0.00035862764343619347
1654639398862	1430	0.00033809890737757087
1654639554549	1431	0.000410432752687484
1654639717408	1432	0.0003743409179151058
1654639860676	1433	0.00043434076360426843
1654640014910	1434	0.0004008784599136561
1654640173353	1435	0.00038278140709735453
1654640301833	1436	0.00040654095937497914
1654640425410	1437	0.00036632581031881273
1654640578053	1438	0.0003624875389505178
1654640738133	1439	0.0003607711987569928
1654640884607	1440	0.0003736879152711481
1654641016869	1441	0.00037017406430095434
1654641158800	1442	0.00035242215381003916
1654641319435	1443	0.00038908806163817644
1654641456014	1444	0.00040858236025087535
1654641603628	1445	0.00040803931187838316
